mongo_id,time,iso,ts,topic,deduplication_id,tenant_name,application_name,device_profile_name,device_name,dev_eui,device_class,dev_addr,f_cnt,f_port,confirmed,adr,dr,region_config_id,raw_object_json,site,sensor_latitude,sensor_longitude,sensor_altitude,sensor_geojson,raw_tags_json,gateway_id,gateway_latitude,gateway_longitude,gateway_altitude,gateway_geojson,rssi,snr,temperature_c,humidity,battery_v,door_status,adc_ch0v,digital_status,work_mode,raw_tempc1,raw_tempc_sht,raw_hum_sht,tank_distance,tank_battery_v,tank_temp_c,interrupt_flag,sensor_flag,air_temperature,air_humidity,light_intensity,uv_index,wind_speed,wind_direction,rain_gauge,rain_accumulation,pressure,wind_gust,sensecap_payload_valid,sensecap_payload_hex,sensecap_err
69c9bd0911224883c623cc53,2026-03-30T00:00:09.207221+00:00,2026-03-30T00:00:09.440Z,1774828809440.0,application/3a8594c3-7866-4007-9786-b5ec52b2d117/device/a84041675186988f/event/up,2e660430-f1ff-4f12-849b-4d62d234cb8e,ChirpStack,monitoring,LSN50-V2,LST25598095,a84041675186988f,CLASS_A,00a0fd5c,40836.0,2.0,False,True,5.0,au915_0,"{""EXTI_Trigger"": ""FALSE"", ""BatV"": 3.665, ""Work_mode"": ""IIC"", ""TempC1"": 19.4, ""TempC_SHT"": -0.1, ""Door_status"": ""OPEN"", ""Hum_SHT"": 6553.5, ""Digital_IStatus"": ""L"", ""ADC_CH0V"": 0.059}",Inside Shed,-38.6956,143.7737,171.0,"{""type"": ""Point"", ""coordinates"": [143.7737, -38.6956, 171.0]}","{""lon"": ""143.7737"", ""alt"": ""171.0"", ""site"": ""Inside Shed"", ""geojson"": ""{\""type\"":\""Point\"",\""coordinates\"":[143.7737,-38.6956,171.0]}"", ""lat"": ""-38.6956""}",a84041ffff26623c,-38.6957,143.77358,176.0,"{""type"": ""Point"", ""coordinates"": [143.77358, -38.6957, 176.0]}",-77.0,13.2,19.4,,3.665,OPEN,0.059,L,IIC,19.4,-0.1,6553.5,,,,,,,,,,,,,,,,,,
69c9be3511224883c623cc54,2026-03-30T00:05:09.253012+00:00,2026-03-30T00:05:09.485Z,1774829109485.0,application/3a8594c3-7866-4007-9786-b5ec52b2d117/device/a84041675186988f/event/up,3df8cafc-47dc-4504-b3c9-e7d0da465d57,ChirpStack,monitoring,LSN50-V2,LST25598095,a84041675186988f,CLASS_A,00a0fd5c,40837.0,2.0,False,True,5.0,au915_0,"{""Digital_IStatus"": ""L"", ""Door_status"": ""OPEN"", ""ADC_CH0V"": 0.059, ""Work_mode"": ""IIC"", ""Hum_SHT"": 6553.5, ""EXTI_Trigger"": ""FALSE"", ""BatV"": 3.665, ""TempC1"": 19.4, ""TempC_SHT"": -0.1}",Inside Shed,-38.6956,143.7737,171.0,"{""type"": ""Point"", ""coordinates"": [143.7737, -38.6956, 171.0]}","{""alt"": ""171.0"", ""geojson"": ""{\""type\"":\""Point\"",\""coordinates\"":[143.7737,-38.6956,171.0]}"", ""site"": ""Inside Shed"", ""lat"": ""-38.6956"", ""lon"": ""143.7737""}",a84041ffff26623c,-38.6957,143.77358,178.0,"{""type"": ""Point"", ""coordinates"": [143.77358, -38.6957, 178.0]}",-77.0,13.8,19.4,,3.665,OPEN,0.059,L,IIC,19.4,-0.1,6553.5,,,,,,,,,,,,,,,,,,
69c9be9911224883c623cc55,2026-03-30T00:06:49.521738+00:00,2026-03-30T00:06:49.758Z,1774829209759.0,application/3a8594c3-7866-4007-9786-b5ec52b2d117/device/a840411ca1887b91/event/up,019df952-8e04-46fc-ab08-5acf5da5bf90,ChirpStack,monitoring,DDS75,LA66N721745,a840411ca1887b91,CLASS_A,011494a5,10212.0,2.0,False,True,5.0,au915_0,"{""Bat"": 3.327, ""Interrupt_flag"": 0, ""Distance"": 0, ""TempC_DS18B20"": ""327.60"", ""Sensor_flag"": 1}",Tank3,-38.6956,143.7737,171.0,"{""type"": ""Point"", ""coordinates"": [143.7737, -38.6956, 171.0]}","{""site"": ""Tank3"", ""alt"": ""171.0"", ""lon"": ""143.7737"", ""geojson"": ""{\""type\"":\""Point\"",\""coordinates\"":[143.7737,-38.6956,171.0]}"", ""lat"": ""-38.6956""}",a84041ffff26623c,-38.6957,143.77358,179.0,"{""type"": ""Point"", ""coordinates"": [143.77358, -38.6957, 179.0]}",-57.0,14.2,,,,,,,,,,,0.0,3.327,327.6,0.0,1.0,,,,,,,,,,,,,
69c9bf2511224883c623cc56,2026-03-30T00:09:09.762445+00:00,2026-03-30T00:09:09.996Z,1774829349996.0,application/3a8594c3-7866-4007-9786-b5ec52b2d117/device/a840414c305fcacd/event/up,6a7d5d5e-1695-417c-b4f8-3a4032bc97a6,ChirpStack,monitoring,DDS75,LA666277837,a840414c305fcacd,CLASS_A,00538196,628.0,2.0,False,True,5.0,au915_0,"{""Bat"": 3.81, ""Distance"": 507, ""Interrupt_flag"": 0, ""TempC_DS18B20"": ""327.60"", ""Sensor_flag"": 1}",Tank2,-38.6956,143.7737,171.0,"{""type"": ""Point"", ""coordinates"": [143.7737, -38.6956, 171.0]}","{""site"": ""Tank2"", ""lat"": ""-38.6956"", ""geojson"": ""{\""type\"":\""Point\"",\""coordinates\"":[143.7737,-38.6956,171.0]}"", ""alt"": ""171.0"", ""lon"": ""143.7737""}",a84041ffff26623c,-38.6957,143.77357,179.0,"{""type"": ""Point"", ""coordinates"": [143.77357, -38.6957, 179.0]}",-97.0,11.8,,,,,,,,,,,507.0,3.81,327.6,0.0,1.0,,,,,,,,,,,,,
69c9bf6111224883c623cc57,2026-03-30T00:10:09.241925+00:00,2026-03-30T00:10:09.476Z,1774829409476.0,application/3a8594c3-7866-4007-9786-b5ec52b2d117/device/a84041675186988f/event/up,e3e5f9f5-bcc1-49b2-8147-690e81c77aac,ChirpStack,monitoring,LSN50-V2,LST25598095,a84041675186988f,CLASS_A,00a0fd5c,40838.0,2.0,False,True,5.0,au915_0,"{""ADC_CH0V"": 0.059, ""EXTI_Trigger"": ""FALSE"", ""Door_status"": ""OPEN"", ""Digital_IStatus"": ""L"", ""Hum_SHT"": 6553.5, ""BatV"": 3.665, ""TempC1"": 19.5, ""Work_mode"": ""IIC"", ""TempC_SHT"": -0.1}",Inside Shed,-38.6956,143.7737,171.0,"{""type"": ""Point"", ""coordinates"": [143.7737, -38.6956, 171.0]}","{""site"": ""Inside Shed"", ""lat"": ""-38.6956"", ""lon"": ""143.7737"", ""geojson"": ""{\""type\"":\""Point\"",\""coordinates\"":[143.7737,-38.6956,171.0]}"", ""alt"": ""171.0""}",a84041ffff26623c,-38.69569,143.77357,178.0,"{""type"": ""Point"", ""coordinates"": [143.77357, -38.69569, 178.0]}",-73.0,13.2,19.5,,3.665,OPEN,0.059,L,IIC,19.5,-0.1,6553.5,,,,,,,,,,,,,,,,,,
69c9bf7411224883c623cc58,2026-03-30T00:10:28.544950+00:00,2026-03-30T00:10:28.778Z,1774829428778.0,application/3a8594c3-7866-4007-9786-b5ec52b2d117/device/a8404142118523b1/event/up,1c7764d9-3d8c-406a-a75a-abe7079e3593,ChirpStack,monitoring,LSN50v2-S31,LST25502641,a8404142118523b1,CLASS_A,01eeaa71,47052.0,2.0,False,True,2.0,au915_0,"{""BatV"": 3.664, ""ADC_CH0V"": 0.454, ""Door_status"": ""OPEN"", ""TempC1"": 0, ""Work_mode"": ""IIC"", ""TempC_SHT"": 24.1, ""Hum_SHT"": 57.2, ""Digital_IStatus"": ""L"", ""EXTI_Trigger"": ""FALSE""}",Outside Shed,-38.6956,143.7737,171.0,"{""type"": ""Point"", ""coordinates"": [143.7737, -38.6956, 171.0]}","{""lon"": ""143.7737"", ""alt"": ""171.0"", ""site"": ""Outside Shed"", ""geojson"": ""{\""type\"":\""Point\"",\""coordinates\"":[143.7737,-38.6956,171.0]}"", ""lat"": ""-38.6956""}",a84041ffff26623c,-38.69569,143.77357,178.0,"{""type"": ""Point"", ""coordinates"": [143.77357, -38.69569, 178.0]}",-78.0,10.8,24.1,57.2,3.664,OPEN,0.454,L,IIC,0.0,24.1,57.2,,,,,,,,,,,,,,,,,,
69c9bf8d11224883c623cc59,2026-03-30T00:10:52.923084+00:00,2026-03-30T00:10:53.157Z,1774829453158.0,application/3a8594c3-7866-4007-9786-b5ec52b2d117/device/a840419f918523a7/event/up,18fc43d3-97ba-456a-b876-cb197b9f78af,ChirpStack,monitoring,LSN50v2-S31,LST25502631,a840419f918523a7,CLASS_A,01e453a1,47052.0,2.0,False,True,2.0,au915_0,"{""BatV"": 3.656, ""Work_mode"": ""IIC"", ""TempC_SHT"": 15.7, ""Hum_SHT"": 98.9, ""TempC1"": 0, ""Digital_IStatus"": ""L"", ""ADC_CH0V"": 0.537, ""EXTI_Trigger"": ""FALSE"", ""Door_status"": ""OPEN""}",Gully,-38.6949,143.7737,179.0,"{""type"": ""Point"", ""coordinates"": [143.7737, -38.6949, 179.0]}","{""alt"": ""179.0"", ""lat"": ""-38.6949"", ""lon"": ""143.7737"", ""geojson"": ""{\""type\"":\""Point\"",\""coordinates\"":[143.7737,-38.6949,179.0]}"", ""site"": ""Gully""}",a84041ffff26623c,-38.69569,143.77357,178.0,"{""type"": ""Point"", ""coordinates"": [143.77357, -38.69569, 178.0]}",-118.0,,15.7,98.9,3.656,OPEN,0.537,L,IIC,0.0,15.7,98.9,,,,,,,,,,,,,,,,,,
69c9c06911224883c623cc5a,2026-03-30T00:14:33.283495+00:00,2026-03-30T00:14:33.522Z,1774829673522.0,application/3a8594c3-7866-4007-9786-b5ec52b2d117/device/ab4041cd218523a2/event/up,231efff0-ea6c-47c3-901a-7b026d9b7832,ChirpStack,monitoring,LSN50v2-S31,LST25502626,ab4041cd218523a2,CLASS_A,01b972d1,47052.0,2.0,False,True,2.0,au915_0,"{""EXTI_Trigger"": ""FALSE"", ""Work_mode"": ""IIC"", ""Door_status"": ""OPEN"", ""Hum_SHT"": 64.8, ""TempC_SHT"": 20.6, ""ADC_CH0V"": 0.338, ""Digital_IStatus"": ""L"", ""BatV"": 3.661, ""TempC1"": 0}",Top Paddock,-38.6958,143.775,165.0,"{""type"": ""Point"", ""coordinates"": [143.775, -38.6958, 165.0]}","{""geojson"": ""{\""type\"":\""Point\"",\""coordinates\"":[143.775,-38.6958,165.0]}"", ""lon"": ""143.775"", ""lat"": ""-38.6958"", ""alt"": ""165.0"", ""site"": ""Top Paddock""}",a84041ffff26623c,-38.69567,143.77358,179.0,"{""type"": ""Point"", ""coordinates"": [143.77358, -38.69567, 179.0]}",-77.0,11.2,20.6,64.8,3.661,OPEN,0.338,L,IIC,0.0,20.6,64.8,,,,,,,,,,,,,,,,,,
69c9c08d11224883c623cc5b,2026-03-30T00:15:09.232375+00:00,2026-03-30T00:15:09.464Z,1774829709464.0,application/3a8594c3-7866-4007-9786-b5ec52b2d117/device/a84041675186988f/event/up,e4bed244-3880-41fc-9c7b-77858da577ec,ChirpStack,monitoring,LSN50-V2,LST25598095,a84041675186988f,CLASS_A,00a0fd5c,40839.0,2.0,False,True,5.0,au915_0,"{""Digital_IStatus"": ""L"", ""Work_mode"": ""IIC"", ""BatV"": 3.665, ""EXTI_Trigger"": ""FALSE"", ""TempC_SHT"": -0.1, ""Hum_SHT"": 6553.5, ""TempC1"": 19.5, ""Door_status"": ""OPEN"", ""ADC_CH0V"": 0.059}",Inside Shed,-38.6956,143.7737,171.0,"{""type"": ""Point"", ""coordinates"": [143.7737, -38.6956, 171.0]}","{""site"": ""Inside Shed"", ""lat"": ""-38.6956"", ""alt"": ""171.0"", ""lon"": ""143.7737"", ""geojson"": ""{\""type\"":\""Point\"",\""coordinates\"":[143.7737,-38.6956,171.0]}""}",a84041ffff26623c,-38.69568,143.77358,179.0,"{""type"": ""Point"", ""coordinates"": [143.77358, -38.69568, 179.0]}",-78.0,13.8,19.5,,3.665,OPEN,0.059,L,IIC,19.5,-0.1,6553.5,,,,,,,,,,,,,,,,,,
69c9c0b811224883c623cc5c,2026-03-30T00:15:52.381632+00:00,2026-03-30T00:15:52.614Z,1774829752615.0,application/3a8594c3-7866-4007-9786-b5ec52b2d117/device/a84041e2a18523a1/event/up,995a73d8-296e-4dee-9ed6-1d4d2ea3ba55,ChirpStack,monitoring,LSN50v2-S31,LST25502625,a84041e2a18523a1,CLASS_A,019dddaa,47050.0,2.0,False,True,2.0,au915_0,"{""TempC_SHT"": 20.9, ""Digital_IStatus"": ""L"", ""EXTI_Trigger"": ""FALSE"", ""Hum_SHT"": 66.1, ""ADC_CH0V"": 0.32, ""Door_status"": ""OPEN"", ""BatV"": 3.662, ""Work_mode"": ""IIC"", ""TempC1"": 0}",Top Gate,-38.6958,143.7723,181.0,"{""type"": ""Point"", ""coordinates"": [143.7723, -38.6958, 181.0]}","{""site"": ""Top Gate"", ""lat"": ""-38.6958"", ""geojson"": ""{\""type\"":\""Point\"",\""coordinates\"":[143.7723,-38.6958,181.0]}"", ""alt"": ""181.0"", ""lon"": ""143.7723""}",a84041ffff26623c,-38.69568,143.77358,179.0,"{""type"": ""Point"", ""coordinates"": [143.77358, -38.69568, 179.0]}",-86.0,8.2,20.9,66.1,3.662,OPEN,0.32,L,IIC,0.0,20.9,66.1,,,,,,,,,,,,,,,,,,
69c9c18a11224883c623cc5d,2026-03-30T00:19:22.660847+00:00,2026-03-30T00:19:22.891Z,1774829962892.0,application/3a8594c3-7866-4007-9786-b5ec52b2d117/device/a84041fba55fcaca/event/up,65e1f967-393f-4cfb-949b-8bc6965d0bec,ChirpStack,monitoring,DDS75,LA666277834,a84041fba55fcaca,CLASS_A,0151ada3,629.0,2.0,False,True,5.0,au915_0,"{""Interrupt_flag"": 0, ""Bat"": 4.014, ""TempC_DS18B20"": ""327.60"", ""Distance"": 0, ""Sensor_flag"": 1}",Tank1,-38.6956,143.7737,171.0,"{""type"": ""Point"", ""coordinates"": [143.7737, -38.6956, 171.0]}","{""alt"": ""171.0"", ""lon"": ""143.7737"", ""geojson"": ""{\""type\"":\""Point\"",\""coordinates\"":[143.7737,-38.6956,171.0]}"", ""site"": ""Tank1"", ""lat"": ""-38.6956""}",a84041ffff26623c,-38.69568,143.77357,178.0,"{""type"": ""Point"", ""coordinates"": [143.77357, -38.69568, 178.0]}",-60.0,13.8,,,,,,,,,,,0.0,4.014,327.6,0.0,1.0,,,,,,,,,,,,,
69c9c1b911224883c623cc5e,2026-03-30T00:20:09.219890+00:00,2026-03-30T00:20:09.450Z,1774830009450.0,application/3a8594c3-7866-4007-9786-b5ec52b2d117/device/a84041675186988f/event/up,d74fff96-e082-4fe7-90da-23defba16966,ChirpStack,monitoring,LSN50-V2,LST25598095,a84041675186988f,CLASS_A,00a0fd5c,40840.0,2.0,False,True,5.0,au915_0,"{""ADC_CH0V"": 0.058, ""Hum_SHT"": 6553.5, ""Door_status"": ""OPEN"", ""TempC1"": 19.5, ""Work_mode"": ""IIC"", ""TempC_SHT"": -0.1, ""BatV"": 3.665, ""Digital_IStatus"": ""L"", ""EXTI_Trigger"": ""FALSE""}",Inside Shed,-38.6956,143.7737,171.0,"{""type"": ""Point"", ""coordinates"": [143.7737, -38.6956, 171.0]}","{""site"": ""Inside Shed"", ""geojson"": ""{\""type\"":\""Point\"",\""coordinates\"":[143.7737,-38.6956,171.0]}"", ""alt"": ""171.0"", ""lon"": ""143.7737"", ""lat"": ""-38.6956""}",a84041ffff26623c,-38.69569,143.77357,178.0,"{""type"": ""Point"", ""coordinates"": [143.77357, -38.69569, 178.0]}",-73.0,13.2,19.5,,3.665,OPEN,0.058,L,IIC,19.5,-0.1,6553.5,,,,,,,,,,,,,,,,,,
69c9c2e511224883c623cc5f,2026-03-30T00:25:09.210977+00:00,2026-03-30T00:25:09.438Z,1774830309438.0,application/3a8594c3-7866-4007-9786-b5ec52b2d117/device/a84041675186988f/event/up,59d3a929-98d5-423c-8bb6-c33c867b1d82,ChirpStack,monitoring,LSN50-V2,LST25598095,a84041675186988f,CLASS_A,00a0fd5c,40841.0,2.0,False,True,5.0,au915_0,"{""Door_status"": ""OPEN"", ""Digital_IStatus"": ""L"", ""EXTI_Trigger"": ""FALSE"", ""Work_mode"": ""IIC"", ""ADC_CH0V"": 0.058, ""TempC_SHT"": -0.1, ""Hum_SHT"": 6553.5, ""TempC1"": 19.6, ""BatV"": 3.665}",Inside Shed,-38.6956,143.7737,171.0,"{""type"": ""Point"", ""coordinates"": [143.7737, -38.6956, 171.0]}","{""alt"": ""171.0"", ""geojson"": ""{\""type\"":\""Point\"",\""coordinates\"":[143.7737,-38.6956,171.0]}"", ""lat"": ""-38.6956"", ""site"": ""Inside Shed"", ""lon"": ""143.7737""}",a84041ffff26623c,-38.69568,143.77358,179.0,"{""type"": ""Point"", ""coordinates"": [143.77358, -38.69568, 179.0]}",-73.0,10.8,19.6,,3.665,OPEN,0.058,L,IIC,19.6,-0.1,6553.5,,,,,,,,,,,,,,,,,,
69c9c34911224883c623cc60,2026-03-30T00:26:49.228774+00:00,2026-03-30T00:26:49.457Z,1774830409457.0,application/3a8594c3-7866-4007-9786-b5ec52b2d117/device/a840411ca1887b91/event/up,0f7a7c32-917b-4012-8a4e-447201861422,ChirpStack,monitoring,DDS75,LA66N721745,a840411ca1887b91,CLASS_A,011494a5,10213.0,2.0,False,True,5.0,au915_0,"{""Interrupt_flag"": 0, ""Bat"": 3.327, ""TempC_DS18B20"": ""327.60"", ""Distance"": 0, ""Sensor_flag"": 1}",Tank3,-38.6956,143.7737,171.0,"{""type"": ""Point"", ""coordinates"": [143.7737, -38.6956, 171.0]}","{""lat"": ""-38.6956"", ""geojson"": ""{\""type\"":\""Point\"",\""coordinates\"":[143.7737,-38.6956,171.0]}"", ""lon"": ""143.7737"", ""alt"": ""171.0"", ""site"": ""Tank3""}",a84041ffff26623c,-38.69567,143.7736,178.0,"{""type"": ""Point"", ""coordinates"": [143.7736, -38.69567, 178.0]}",-57.0,13.5,,,,,,,,,,,0.0,3.327,327.6,0.0,1.0,,,,,,,,,,,,,
69c9c3d511224883c623cc61,2026-03-30T00:29:09.506570+00:00,2026-03-30T00:29:09.734Z,1774830549734.0,application/3a8594c3-7866-4007-9786-b5ec52b2d117/device/a840414c305fcacd/event/up,8e919f7f-081a-4fe4-a72e-213d7a3bf22c,ChirpStack,monitoring,DDS75,LA666277837,a840414c305fcacd,CLASS_A,00538196,629.0,2.0,False,True,5.0,au915_0,"{""Distance"": 507, ""TempC_DS18B20"": ""327.60"", ""Bat"": 3.81, ""Interrupt_flag"": 0, ""Sensor_flag"": 1}",Tank2,-38.6956,143.7737,171.0,"{""type"": ""Point"", ""coordinates"": [143.7737, -38.6956, 171.0]}","{""site"": ""Tank2"", ""lat"": ""-38.6956"", ""lon"": ""143.7737"", ""alt"": ""171.0"", ""geojson"": ""{\""type\"":\""Point\"",\""coordinates\"":[143.7737,-38.6956,171.0]}""}",a84041ffff26623c,-38.69568,143.7736,179.0,"{""type"": ""Point"", ""coordinates"": [143.7736, -38.69568, 179.0]}",-108.0,7.5,,,,,,,,,,,507.0,3.81,327.6,0.0,1.0,,,,,,,,,,,,,
69c9c41111224883c623cc62,2026-03-30T00:30:09.204547+00:00,2026-03-30T00:30:09.433Z,1774830609433.0,application/3a8594c3-7866-4007-9786-b5ec52b2d117/device/a84041675186988f/event/up,01e051bd-9792-4fab-8031-f1feb0a50bea,ChirpStack,monitoring,LSN50-V2,LST25598095,a84041675186988f,CLASS_A,00a0fd5c,40842.0,2.0,False,True,5.0,au915_0,"{""Hum_SHT"": 6553.5, ""TempC1"": 19.6, ""Digital_IStatus"": ""L"", ""EXTI_Trigger"": ""FALSE"", ""Door_status"": ""OPEN"", ""Work_mode"": ""IIC"", ""TempC_SHT"": -0.1, ""BatV"": 3.665, ""ADC_CH0V"": 0.059}",Inside Shed,-38.6956,143.7737,171.0,"{""type"": ""Point"", ""coordinates"": [143.7737, -38.6956, 171.0]}","{""site"": ""Inside Shed"", ""lat"": ""-38.6956"", ""alt"": ""171.0"", ""lon"": ""143.7737"", ""geojson"": ""{\""type\"":\""Point\"",\""coordinates\"":[143.7737,-38.6956,171.0]}""}",a84041ffff26623c,-38.69569,143.7736,179.0,"{""type"": ""Point"", ""coordinates"": [143.7736, -38.69569, 179.0]}",-73.0,13.2,19.6,,3.665,OPEN,0.059,L,IIC,19.6,-0.1,6553.5,,,,,,,,,,,,,,,,,,
69c9c42511224883c623cc63,2026-03-30T00:30:29.198461+00:00,2026-03-30T00:30:29.426Z,1774830629427.0,application/3a8594c3-7866-4007-9786-b5ec52b2d117/device/a8404142118523b1/event/up,aad41a99-3bca-46e7-8139-f383a6a32638,ChirpStack,monitoring,LSN50v2-S31,LST25502641,a8404142118523b1,CLASS_A,01eeaa71,47053.0,2.0,False,True,2.0,au915_0,"{""Door_status"": ""OPEN"", ""TempC1"": 0, ""Hum_SHT"": 58.1, ""ADC_CH0V"": 0.425, ""Digital_IStatus"": ""L"", ""EXTI_Trigger"": ""FALSE"", ""TempC_SHT"": 22.9, ""Work_mode"": ""IIC"", ""BatV"": 3.664}",Outside Shed,-38.6956,143.7737,171.0,"{""type"": ""Point"", ""coordinates"": [143.7737, -38.6956, 171.0]}","{""alt"": ""171.0"", ""lon"": ""143.7737"", ""site"": ""Outside Shed"", ""geojson"": ""{\""type\"":\""Point\"",\""coordinates\"":[143.7737,-38.6956,171.0]}"", ""lat"": ""-38.6956""}",a84041ffff26623c,-38.69569,143.77358,177.0,"{""type"": ""Point"", ""coordinates"": [143.77358, -38.69569, 177.0]}",-73.0,14.5,22.9,58.1,3.664,OPEN,0.425,L,IIC,0.0,22.9,58.1,,,,,,,,,,,,,,,,,,
69c9c51911224883c623cc64,2026-03-30T00:34:33.706162+00:00,2026-03-30T00:34:33.933Z,1774830873933.0,application/3a8594c3-7866-4007-9786-b5ec52b2d117/device/ab4041cd218523a2/event/up,b0858791-3fa5-43ac-b0cd-e67a2ce8158b,ChirpStack,monitoring,LSN50v2-S31,LST25502626,ab4041cd218523a2,CLASS_A,01b972d1,47053.0,2.0,False,True,2.0,au915_0,"{""Door_status"": ""OPEN"", ""ADC_CH0V"": 0.34, ""BatV"": 3.661, ""Digital_IStatus"": ""L"", ""TempC1"": 0, ""Hum_SHT"": 64.8, ""EXTI_Trigger"": ""FALSE"", ""Work_mode"": ""IIC"", ""TempC_SHT"": 20.5}",Top Paddock,-38.6958,143.775,165.0,"{""type"": ""Point"", ""coordinates"": [143.775, -38.6958, 165.0]}","{""site"": ""Top Paddock"", ""geojson"": ""{\""type\"":\""Point\"",\""coordinates\"":[143.775,-38.6958,165.0]}"", ""lon"": ""143.775"", ""lat"": ""-38.6958"", ""alt"": ""165.0""}",a84041ffff26623c,-38.69569,143.77358,177.0,"{""type"": ""Point"", ""coordinates"": [143.77358, -38.69569, 177.0]}",-94.0,9.5,20.5,64.8,3.661,OPEN,0.34,L,IIC,0.0,20.5,64.8,,,,,,,,,,,,,,,,,,
69c9c53d11224883c623cc65,2026-03-30T00:35:09.190551+00:00,2026-03-30T00:35:09.419Z,1774830909419.0,application/3a8594c3-7866-4007-9786-b5ec52b2d117/device/a84041675186988f/event/up,d6814e34-3fec-4ff5-afda-8698268dc676,ChirpStack,monitoring,LSN50-V2,LST25598095,a84041675186988f,CLASS_A,00a0fd5c,40843.0,2.0,False,True,5.0,au915_0,"{""ADC_CH0V"": 0.059, ""BatV"": 3.665, ""EXTI_Trigger"": ""FALSE"", ""Digital_IStatus"": ""L"", ""Work_mode"": ""IIC"", ""Door_status"": ""OPEN"", ""Hum_SHT"": 6553.5, ""TempC1"": 19.7, ""TempC_SHT"": -0.1}",Inside Shed,-38.6956,143.7737,171.0,"{""type"": ""Point"", ""coordinates"": [143.7737, -38.6956, 171.0]}","{""geojson"": ""{\""type\"":\""Point\"",\""coordinates\"":[143.7737,-38.6956,171.0]}"", ""site"": ""Inside Shed"", ""lat"": ""-38.6956"", ""alt"": ""171.0"", ""lon"": ""143.7737""}",a84041ffff26623c,-38.69569,143.77358,177.0,"{""type"": ""Point"", ""coordinates"": [143.77358, -38.69569, 177.0]}",-77.0,13.2,19.7,,3.665,OPEN,0.059,L,IIC,19.7,-0.1,6553.5,,,,,,,,,,,,,,,,,,
69c9c56811224883c623cc66,2026-03-30T00:35:52.387620+00:00,2026-03-30T00:35:52.615Z,1774830952615.0,application/3a8594c3-7866-4007-9786-b5ec52b2d117/device/a84041e2a18523a1/event/up,08bde869-6106-40ab-aaa6-b75a3c1503b8,ChirpStack,monitoring,LSN50v2-S31,LST25502625,a84041e2a18523a1,CLASS_A,019dddaa,47051.0,2.0,False,True,2.0,au915_0,"{""Hum_SHT"": 67.8, ""TempC_SHT"": 20.5, ""BatV"": 3.662, ""Digital_IStatus"": ""L"", ""EXTI_Trigger"": ""FALSE"", ""ADC_CH0V"": 0.318, ""Door_status"": ""OPEN"", ""Work_mode"": ""IIC"", ""TempC1"": 0}",Top Gate,-38.6958,143.7723,181.0,"{""type"": ""Point"", ""coordinates"": [143.7723, -38.6958, 181.0]}","{""site"": ""Top Gate"", ""geojson"": ""{\""type\"":\""Point\"",\""coordinates\"":[143.7723,-38.6958,181.0]}"", ""alt"": ""181.0"", ""lat"": ""-38.6958"", ""lon"": ""143.7723""}",a84041ffff26623c,-38.69569,143.77358,178.0,"{""type"": ""Point"", ""coordinates"": [143.77358, -38.69569, 178.0]}",-89.0,4.2,20.5,67.8,3.662,OPEN,0.318,L,IIC,0.0,20.5,67.8,,,,,,,,,,,,,,,,,,
69c9c63a11224883c623cc67,2026-03-30T00:39:22.423149+00:00,2026-03-30T00:39:22.652Z,1774831162652.0,application/3a8594c3-7866-4007-9786-b5ec52b2d117/device/a84041fba55fcaca/event/up,056b6251-0488-4a97-b73d-beae24b0630f,ChirpStack,monitoring,DDS75,LA666277834,a84041fba55fcaca,CLASS_A,0151ada3,630.0,2.0,False,True,5.0,au915_0,"{""Bat"": 4.014, ""Distance"": 0, ""TempC_DS18B20"": ""327.60"", ""Interrupt_flag"": 0, ""Sensor_flag"": 1}",Tank1,-38.6956,143.7737,171.0,"{""type"": ""Point"", ""coordinates"": [143.7737, -38.6956, 171.0]}","{""site"": ""Tank1"", ""lat"": ""-38.6956"", ""lon"": ""143.7737"", ""alt"": ""171.0"", ""geojson"": ""{\""type\"":\""Point\"",\""coordinates\"":[143.7737,-38.6956,171.0]}""}",a84041ffff26623c,-38.69569,143.77358,179.0,"{""type"": ""Point"", ""coordinates"": [143.77358, -38.69569, 179.0]}",-63.0,13.0,,,,,,,,,,,0.0,4.014,327.6,0.0,1.0,,,,,,,,,,,,,
69c9c66911224883c623cc68,2026-03-30T00:40:09.184796+00:00,2026-03-30T00:40:09.414Z,1774831209414.0,application/3a8594c3-7866-4007-9786-b5ec52b2d117/device/a84041675186988f/event/up,09d48a3c-f5c8-497e-b36b-9b237b58f498,ChirpStack,monitoring,LSN50-V2,LST25598095,a84041675186988f,CLASS_A,00a0fd5c,40844.0,2.0,False,True,5.0,au915_0,"{""TempC1"": 19.8, ""TempC_SHT"": -0.1, ""BatV"": 3.665, ""Digital_IStatus"": ""L"", ""EXTI_Trigger"": ""FALSE"", ""Work_mode"": ""IIC"", ""Door_status"": ""OPEN"", ""ADC_CH0V"": 0.059, ""Hum_SHT"": 6553.5}",Inside Shed,-38.6956,143.7737,171.0,"{""type"": ""Point"", ""coordinates"": [143.7737, -38.6956, 171.0]}","{""site"": ""Inside Shed"", ""geojson"": ""{\""type\"":\""Point\"",\""coordinates\"":[143.7737,-38.6956,171.0]}"", ""alt"": ""171.0"", ""lat"": ""-38.6956"", ""lon"": ""143.7737""}",a84041ffff26623c,-38.69569,143.77358,179.0,"{""type"": ""Point"", ""coordinates"": [143.77358, -38.69569, 179.0]}",-78.0,13.8,19.8,,3.665,OPEN,0.059,L,IIC,19.8,-0.1,6553.5,,,,,,,,,,,,,,,,,,
69c9c79511224883c623cc69,2026-03-30T00:45:09.168139+00:00,2026-03-30T00:45:09.394Z,1774831509394.0,application/3a8594c3-7866-4007-9786-b5ec52b2d117/device/a84041675186988f/event/up,bd17a8d0-ccfc-406c-b70b-428caefb07e2,ChirpStack,monitoring,LSN50-V2,LST25598095,a84041675186988f,CLASS_A,00a0fd5c,40845.0,2.0,False,True,5.0,au915_0,"{""Digital_IStatus"": ""L"", ""Work_mode"": ""IIC"", ""ADC_CH0V"": 0.059, ""EXTI_Trigger"": ""FALSE"", ""BatV"": 3.665, ""Door_status"": ""OPEN"", ""TempC1"": 19.8, ""TempC_SHT"": -0.1, ""Hum_SHT"": 6553.5}",Inside Shed,-38.6956,143.7737,171.0,"{""type"": ""Point"", ""coordinates"": [143.7737, -38.6956, 171.0]}","{""alt"": ""171.0"", ""site"": ""Inside Shed"", ""geojson"": ""{\""type\"":\""Point\"",\""coordinates\"":[143.7737,-38.6956,171.0]}"", ""lat"": ""-38.6956"", ""lon"": ""143.7737""}",a84041ffff26623c,-38.69569,143.77358,179.0,"{""type"": ""Point"", ""coordinates"": [143.77358, -38.69569, 179.0]}",-79.0,14.0,19.8,,3.665,OPEN,0.059,L,IIC,19.8,-0.1,6553.5,,,,,,,,,,,,,,,,,,
69c9c7d911224883c623cc6a,2026-03-30T00:46:17.651969+00:00,2026-03-30T00:46:17.881Z,1774831577882.0,application/3a8594c3-7866-4007-9786-b5ec52b2d117/device/2cf7f1c073400187/event/up,bf4396a5-a42e-4573-9856-bdaf4727ab37,ChirpStack,monitoring,SenseCAP S2120,1254000489,2cf7f1c073400187,CLASS_A,01a1c56d,220.0,3.0,True,True,5.0,au915_0,"{""valid"": true, ""payload"": ""4A00CB3C00006FA81400124B00300000000027244C001F00005D440364"", ""messages"": [[{""type"": ""Air Temperature"", ""measurementId"": ""4097"", ""measurementValue"": 20.3}, {""measurementValue"": 60, ""measurementId"": ""4098"", ""type"": ""Air Humidity""}, {""measurementValue"": 28584, ""type"": ""Light Intensity"", ""measurementId"": ""4099""}, {""measurementId"": ""4190"", ""type"": ""UV Index"", ""measurementValue"": 2}, {""measurementId"": ""4105"", ""type"": ""Wind Speed"", ""measurementValue"": 1.8}], [{""measurementId"": ""4104"", ""type"": ""Wind Direction Sensor"", ""measurementValue"": 48}, {""type"": ""Rain Gauge"", ""measurementId"": ""4113"", ""measurementValue"": 0}, {""measurementValue"": 100200, ""type"": ""Barometric Pressure"", ""measurementId"": ""4101""}], [{""type"": ""Peak Wind Gust"", ""measurementValue"": 3.1, ""measurementId"": ""4191""}, {""type"": ""Rain Accumulation"", ""measurementId"": ""4213"", ""measurementValue"": 23.876}], [{""Battery(%)"": 100}]], ""err"": 0}",Weather Station,-38.6956,143.7732,168.0,"{""type"": ""Point"", ""coordinates"": [143.7732, -38.6956, 168.0]}","{""lon"": ""143.7732"", ""lat"": ""-38.6956"", ""alt"": ""168.0"", ""geojson"": ""{\""type\"":\""Point\"",\""coordinates\"":[143.7732,-38.6956,168.0]}"", ""site"": ""Weather Station""}",a84041ffff26623c,-38.69569,143.77358,179.0,"{""type"": ""Point"", ""coordinates"": [143.77358, -38.69569, 179.0]}",-73.0,14.5,,,,,,,,,,,,,,,,20.3,60.0,28584.0,2.0,1.8,48.0,0.0,23.876,100200.0,3.1,True,4A00CB3C00006FA81400124B00300000000027244C001F00005D440364,0.0
69c9c7de11224883c623cc6b,2026-03-30T00:46:22.381498+00:00,2026-03-30T00:46:22.614Z,1774831582614.0,application/3a8594c3-7866-4007-9786-b5ec52b2d117/device/2cf7f1c073400187/event/status,91133ba2-6c1a-4175-a398-98ba235e625d,ChirpStack,monitoring,SenseCAP S2120,1254000489,2cf7f1c073400187,CLASS_A,,,,,,,,{},Weather Station,-38.6956,143.7732,168.0,"{""type"": ""Point"", ""coordinates"": [143.7732, -38.6956, 168.0]}","{""geojson"": ""{\""type\"":\""Point\"",\""coordinates\"":[143.7732,-38.6956,168.0]}"", ""lon"": ""143.7732"", ""lat"": ""-38.6956"", ""site"": ""Weather Station"", ""alt"": ""168.0""}",,,,,,,,,,,,,,,,,,,,,,,,,,,,,,,,,,,
69c9c7de11224883c623cc6c,2026-03-30T00:46:22.381498+00:00,2026-03-30T00:46:22.654Z,1774831582654.0,application/3a8594c3-7866-4007-9786-b5ec52b2d117/device/2cf7f1c073400187/event/up,91133ba2-6c1a-4175-a398-98ba235e625d,ChirpStack,monitoring,SenseCAP S2120,1254000489,2cf7f1c073400187,CLASS_A,01a1c56d,221.0,0.0,False,True,5.0,au915_0,"{""messages"": [], ""err"": 0, ""payload"": """", ""valid"": true}",Weather Station,-38.6956,143.7732,168.0,"{""type"": ""Point"", ""coordinates"": [143.7732, -38.6956, 168.0]}","{""geojson"": ""{\""type\"":\""Point\"",\""coordinates\"":[143.7732,-38.6956,168.0]}"", ""lon"": ""143.7732"", ""lat"": ""-38.6956"", ""site"": ""Weather Station"", ""alt"": ""168.0""}",a84041ffff26623c,-38.69569,143.77358,179.0,"{""type"": ""Point"", ""coordinates"": [143.77358, -38.69569, 179.0]}",-72.0,12.2,,,,,,,,,,,,,,,,,,,,,,,,,,True,,0.0
69c9c7e111224883c623cc6d,2026-03-30T00:46:25.133158+00:00,2026-03-30T00:46:25.362Z,1774831585362.0,application/3a8594c3-7866-4007-9786-b5ec52b2d117/device/2cf7f1c073400187/event/up,141e9600-7439-44c3-9f1d-e329d5c17780,ChirpStack,monitoring,SenseCAP S2120,1254000489,2cf7f1c073400187,CLASS_A,01a1c56d,222.0,199.0,False,True,5.0,au915_0,"{""payload"": ""00080100000314041B2805C00006C000"", ""err"": 0, ""valid"": true, ""messages"": []}",Weather Station,-38.6956,143.7732,168.0,"{""type"": ""Point"", ""coordinates"": [143.7732, -38.6956, 168.0]}","{""geojson"": ""{\""type\"":\""Point\"",\""coordinates\"":[143.7732,-38.6956,168.0]}"", ""site"": ""Weather Station"", ""lat"": ""-38.6956"", ""alt"": ""168.0"", ""lon"": ""143.7732""}",a84041ffff26623c,-38.69569,143.77358,179.0,"{""type"": ""Point"", ""coordinates"": [143.77358, -38.69569, 179.0]}",-72.0,15.0,,,,,,,,,,,,,,,,,,,,,,,,,,True,00080100000314041B2805C00006C000,0.0
69c9c7f911224883c623cc6e,2026-03-30T00:46:48.941111+00:00,2026-03-30T00:46:49.168Z,1774831609169.0,application/3a8594c3-7866-4007-9786-b5ec52b2d117/device/a840411ca1887b91/event/up,b951fd15-8c15-46ae-9d16-2939d509d99e,ChirpStack,monitoring,DDS75,LA66N721745,a840411ca1887b91,CLASS_A,011494a5,10214.0,2.0,False,True,5.0,au915_0,"{""Interrupt_flag"": 0, ""Distance"": 0, ""TempC_DS18B20"": ""327.60"", ""Sensor_flag"": 1, ""Bat"": 3.327}",Tank3,-38.6956,143.7737,171.0,"{""type"": ""Point"", ""coordinates"": [143.7737, -38.6956, 171.0]}","{""lon"": ""143.7737"", ""site"": ""Tank3"", ""lat"": ""-38.6956"", ""geojson"": ""{\""type\"":\""Point\"",\""coordinates\"":[143.7737,-38.6956,171.0]}"", ""alt"": ""171.0""}",a84041ffff26623c,-38.69569,143.77358,180.0,"{""type"": ""Point"", ""coordinates"": [143.77358, -38.69569, 180.0]}",-51.0,11.5,,,,,,,,,,,0.0,3.327,327.6,0.0,1.0,,,,,,,,,,,,,
69c9c88511224883c623cc6f,2026-03-30T00:49:09.250583+00:00,2026-03-30T00:49:09.478Z,1774831749478.0,application/3a8594c3-7866-4007-9786-b5ec52b2d117/device/a840414c305fcacd/event/up,7a70e4f1-30d1-474f-8fb2-b6b80033f63f,ChirpStack,monitoring,DDS75,LA666277837,a840414c305fcacd,CLASS_A,00538196,630.0,2.0,False,True,5.0,au915_0,"{""TempC_DS18B20"": ""327.60"", ""Bat"": 3.81, ""Interrupt_flag"": 0, ""Distance"": 507, ""Sensor_flag"": 1}",Tank2,-38.6956,143.7737,171.0,"{""type"": ""Point"", ""coordinates"": [143.7737, -38.6956, 171.0]}","{""lat"": ""-38.6956"", ""site"": ""Tank2"", ""lon"": ""143.7737"", ""geojson"": ""{\""type\"":\""Point\"",\""coordinates\"":[143.7737,-38.6956,171.0]}"", ""alt"": ""171.0""}",a84041ffff26623c,-38.69568,143.77356,180.0,"{""type"": ""Point"", ""coordinates"": [143.77356, -38.69568, 180.0]}",-98.0,7.5,,,,,,,,,,,507.0,3.81,327.6,0.0,1.0,,,,,,,,,,,,,
69c9c8c111224883c623cc70,2026-03-30T00:50:09.161224+00:00,2026-03-30T00:50:09.393Z,1774831809393.0,application/3a8594c3-7866-4007-9786-b5ec52b2d117/device/a84041675186988f/event/up,0e406dd4-0dd2-4a9b-b32c-5cae862bacbb,ChirpStack,monitoring,LSN50-V2,LST25598095,a84041675186988f,CLASS_A,00a0fd5c,40846.0,2.0,False,True,5.0,au915_0,"{""ADC_CH0V"": 0.059, ""EXTI_Trigger"": ""FALSE"", ""Door_status"": ""OPEN"", ""Digital_IStatus"": ""L"", ""Work_mode"": ""IIC"", ""Hum_SHT"": 6553.5, ""TempC_SHT"": -0.1, ""TempC1"": 19.8, ""BatV"": 3.665}",Inside Shed,-38.6956,143.7737,171.0,"{""type"": ""Point"", ""coordinates"": [143.7737, -38.6956, 171.0]}","{""lon"": ""143.7737"", ""geojson"": ""{\""type\"":\""Point\"",\""coordinates\"":[143.7737,-38.6956,171.0]}"", ""alt"": ""171.0"", ""site"": ""Inside Shed"", ""lat"": ""-38.6956""}",a84041ffff26623c,-38.69568,143.77356,180.0,"{""type"": ""Point"", ""coordinates"": [143.77356, -38.69568, 180.0]}",-72.0,13.8,19.8,,3.665,OPEN,0.059,L,IIC,19.8,-0.1,6553.5,,,,,,,,,,,,,,,,,,
69c9c8d511224883c623cc71,2026-03-30T00:50:29.191188+00:00,2026-03-30T00:50:29.421Z,1774831829421.0,application/3a8594c3-7866-4007-9786-b5ec52b2d117/device/a8404142118523b1/event/up,512dcb1f-e0fc-4a8b-8e5d-60e325ec9bd5,ChirpStack,monitoring,LSN50v2-S31,LST25502641,a8404142118523b1,CLASS_A,01eeaa71,47054.0,2.0,False,True,2.0,au915_0,"{""ADC_CH0V"": 0.44, ""Work_mode"": ""IIC"", ""EXTI_Trigger"": ""FALSE"", ""BatV"": 3.667, ""TempC1"": 0, ""Door_status"": ""OPEN"", ""Hum_SHT"": 56.9, ""TempC_SHT"": 23.7, ""Digital_IStatus"": ""L""}",Outside Shed,-38.6956,143.7737,171.0,"{""type"": ""Point"", ""coordinates"": [143.7737, -38.6956, 171.0]}","{""alt"": ""171.0"", ""lat"": ""-38.6956"", ""geojson"": ""{\""type\"":\""Point\"",\""coordinates\"":[143.7737,-38.6956,171.0]}"", ""lon"": ""143.7737"", ""site"": ""Outside Shed""}",a84041ffff26623c,-38.69568,143.77356,180.0,"{""type"": ""Point"", ""coordinates"": [143.77356, -38.69568, 180.0]}",-80.0,14.2,23.7,56.9,3.667,OPEN,0.44,L,IIC,0.0,23.7,56.9,,,,,,,,,,,,,,,,,,
69c9c9c911224883c623cc72,2026-03-30T00:54:33.690255+00:00,2026-03-30T00:54:33.923Z,1774832073923.0,application/3a8594c3-7866-4007-9786-b5ec52b2d117/device/ab4041cd218523a2/event/up,bb5caa1d-07fc-4f58-bf55-8bfce1641ae4,ChirpStack,monitoring,LSN50v2-S31,LST25502626,ab4041cd218523a2,CLASS_A,01b972d1,47054.0,2.0,False,True,2.0,au915_0,"{""TempC_SHT"": 20.7, ""TempC1"": 0, ""Hum_SHT"": 65.4, ""BatV"": 3.661, ""ADC_CH0V"": 0.341, ""EXTI_Trigger"": ""FALSE"", ""Digital_IStatus"": ""L"", ""Door_status"": ""OPEN"", ""Work_mode"": ""IIC""}",Top Paddock,-38.6958,143.775,165.0,"{""type"": ""Point"", ""coordinates"": [143.775, -38.6958, 165.0]}","{""alt"": ""165.0"", ""lon"": ""143.775"", ""geojson"": ""{\""type\"":\""Point\"",\""coordinates\"":[143.775,-38.6958,165.0]}"", ""lat"": ""-38.6958"", ""site"": ""Top Paddock""}",a84041ffff26623c,-38.69566,143.7736,182.0,"{""type"": ""Point"", ""coordinates"": [143.7736, -38.69566, 182.0]}",-80.0,10.2,20.7,65.4,3.661,OPEN,0.341,L,IIC,0.0,20.7,65.4,,,,,,,,,,,,,,,,,,
69c9c9ed11224883c623cc73,2026-03-30T00:55:09.145017+00:00,2026-03-30T00:55:09.374Z,1774832109375.0,application/3a8594c3-7866-4007-9786-b5ec52b2d117/device/a84041675186988f/event/up,eedb8eaf-45a8-4ef6-9359-ae0728436ff0,ChirpStack,monitoring,LSN50-V2,LST25598095,a84041675186988f,CLASS_A,00a0fd5c,40847.0,2.0,False,True,5.0,au915_0,"{""Door_status"": ""OPEN"", ""TempC_SHT"": -0.1, ""Work_mode"": ""IIC"", ""BatV"": 3.665, ""Digital_IStatus"": ""L"", ""TempC1"": 19.8, ""ADC_CH0V"": 0.059, ""EXTI_Trigger"": ""FALSE"", ""Hum_SHT"": 6553.5}",Inside Shed,-38.6956,143.7737,171.0,"{""type"": ""Point"", ""coordinates"": [143.7737, -38.6956, 171.0]}","{""lon"": ""143.7737"", ""geojson"": ""{\""type\"":\""Point\"",\""coordinates\"":[143.7737,-38.6956,171.0]}"", ""alt"": ""171.0"", ""lat"": ""-38.6956"", ""site"": ""Inside Shed""}",a84041ffff26623c,-38.69565,143.7736,183.0,"{""type"": ""Point"", ""coordinates"": [143.7736, -38.69565, 183.0]}",-78.0,14.0,19.8,,3.665,OPEN,0.059,L,IIC,19.8,-0.1,6553.5,,,,,,,,,,,,,,,,,,
69c9ca1811224883c623cc74,2026-03-30T00:55:52.381123+00:00,2026-03-30T00:55:52.611Z,1774832152611.0,application/3a8594c3-7866-4007-9786-b5ec52b2d117/device/a84041e2a18523a1/event/up,7aebcc2e-5377-4dde-8a09-c06e9df4704c,ChirpStack,monitoring,LSN50v2-S31,LST25502625,a84041e2a18523a1,CLASS_A,019dddaa,47052.0,2.0,False,True,2.0,au915_0,"{""TempC_SHT"": 21.1, ""EXTI_Trigger"": ""FALSE"", ""BatV"": 3.662, ""TempC1"": 0, ""ADC_CH0V"": 0.319, ""Digital_IStatus"": ""L"", ""Door_status"": ""OPEN"", ""Hum_SHT"": 66.6, ""Work_mode"": ""IIC""}",Top Gate,-38.6958,143.7723,181.0,"{""type"": ""Point"", ""coordinates"": [143.7723, -38.6958, 181.0]}","{""site"": ""Top Gate"", ""geojson"": ""{\""type\"":\""Point\"",\""coordinates\"":[143.7723,-38.6958,181.0]}"", ""lat"": ""-38.6958"", ""alt"": ""181.0"", ""lon"": ""143.7723""}",a84041ffff26623c,-38.69564,143.77361,183.0,"{""type"": ""Point"", ""coordinates"": [143.77361, -38.69564, 183.0]}",-90.0,4.5,21.1,66.6,3.662,OPEN,0.319,L,IIC,0.0,21.1,66.6,,,,,,,,,,,,,,,,,,
69c9caea11224883c623cc75,2026-03-30T00:59:22.176720+00:00,2026-03-30T00:59:22.408Z,1774832362408.0,application/3a8594c3-7866-4007-9786-b5ec52b2d117/device/a84041fba55fcaca/event/up,435511bc-7427-4266-98c5-4797dd0189c9,ChirpStack,monitoring,DDS75,LA666277834,a84041fba55fcaca,CLASS_A,0151ada3,631.0,2.0,False,True,5.0,au915_0,"{""Distance"": 0, ""Sensor_flag"": 1, ""Interrupt_flag"": 0, ""Bat"": 4.02, ""TempC_DS18B20"": ""327.60""}",Tank1,-38.6956,143.7737,171.0,"{""type"": ""Point"", ""coordinates"": [143.7737, -38.6956, 171.0]}","{""geojson"": ""{\""type\"":\""Point\"",\""coordinates\"":[143.7737,-38.6956,171.0]}"", ""alt"": ""171.0"", ""lon"": ""143.7737"", ""lat"": ""-38.6956"", ""site"": ""Tank1""}",a84041ffff26623c,-38.69565,143.77363,184.0,"{""type"": ""Point"", ""coordinates"": [143.77363, -38.69565, 184.0]}",-62.0,13.2,,,,,,,,,,,0.0,4.02,327.6,0.0,1.0,,,,,,,,,,,,,
69c9cb1911224883c623cc76,2026-03-30T01:00:09.139259+00:00,2026-03-30T01:00:09.370Z,1774832409370.0,application/3a8594c3-7866-4007-9786-b5ec52b2d117/device/a84041675186988f/event/up,4d274ddb-051e-44a6-ab81-84b54dbb84dc,ChirpStack,monitoring,LSN50-V2,LST25598095,a84041675186988f,CLASS_A,00a0fd5c,40848.0,2.0,False,True,5.0,au915_0,"{""Digital_IStatus"": ""L"", ""Hum_SHT"": 6553.5, ""BatV"": 3.665, ""Door_status"": ""OPEN"", ""Work_mode"": ""IIC"", ""TempC_SHT"": -0.1, ""ADC_CH0V"": 0.058, ""EXTI_Trigger"": ""FALSE"", ""TempC1"": 19.9}",Inside Shed,-38.6956,143.7737,171.0,"{""type"": ""Point"", ""coordinates"": [143.7737, -38.6956, 171.0]}","{""lat"": ""-38.6956"", ""alt"": ""171.0"", ""geojson"": ""{\""type\"":\""Point\"",\""coordinates\"":[143.7737,-38.6956,171.0]}"", ""lon"": ""143.7737"", ""site"": ""Inside Shed""}",a84041ffff26623c,-38.69565,143.77362,184.0,"{""type"": ""Point"", ""coordinates"": [143.77362, -38.69565, 184.0]}",-73.0,10.8,19.9,,3.665,OPEN,0.058,L,IIC,19.9,-0.1,6553.5,,,,,,,,,,,,,,,,,,
69c9cc4511224883c623cc77,2026-03-30T01:05:09.123687+00:00,2026-03-30T01:05:09.355Z,1774832709355.0,application/3a8594c3-7866-4007-9786-b5ec52b2d117/device/a84041675186988f/event/up,4d6722ea-d7dd-406a-b2ef-8a9c0b08bf3d,ChirpStack,monitoring,LSN50-V2,LST25598095,a84041675186988f,CLASS_A,00a0fd5c,40849.0,2.0,False,True,5.0,au915_0,"{""Door_status"": ""OPEN"", ""BatV"": 3.662, ""Digital_IStatus"": ""L"", ""Work_mode"": ""IIC"", ""EXTI_Trigger"": ""FALSE"", ""ADC_CH0V"": 0.058, ""Hum_SHT"": 6553.5, ""TempC_SHT"": -0.1, ""TempC1"": 20}",Inside Shed,-38.6956,143.7737,171.0,"{""type"": ""Point"", ""coordinates"": [143.7737, -38.6956, 171.0]}","{""lat"": ""-38.6956"", ""alt"": ""171.0"", ""geojson"": ""{\""type\"":\""Point\"",\""coordinates\"":[143.7737,-38.6956,171.0]}"", ""site"": ""Inside Shed"", ""lon"": ""143.7737""}",a84041ffff26623c,-38.69567,143.77362,184.0,"{""type"": ""Point"", ""coordinates"": [143.77362, -38.69567, 184.0]}",-73.0,13.5,20.0,,3.662,OPEN,0.058,L,IIC,20.0,-0.1,6553.5,,,,,,,,,,,,,,,,,,
69c9cca811224883c623cc78,2026-03-30T01:06:48.641284+00:00,2026-03-30T01:06:48.874Z,1774832808874.0,application/3a8594c3-7866-4007-9786-b5ec52b2d117/device/a840411ca1887b91/event/up,b6640d4e-7def-4c0c-b5a9-4bd80e9d495f,ChirpStack,monitoring,DDS75,LA66N721745,a840411ca1887b91,CLASS_A,011494a5,10215.0,2.0,False,True,5.0,au915_0,"{""Distance"": 0, ""TempC_DS18B20"": ""327.60"", ""Sensor_flag"": 1, ""Bat"": 3.327, ""Interrupt_flag"": 0}",Tank3,-38.6956,143.7737,171.0,"{""type"": ""Point"", ""coordinates"": [143.7737, -38.6956, 171.0]}","{""lat"": ""-38.6956"", ""lon"": ""143.7737"", ""site"": ""Tank3"", ""geojson"": ""{\""type\"":\""Point\"",\""coordinates\"":[143.7737,-38.6956,171.0]}"", ""alt"": ""171.0""}",a84041ffff26623c,-38.69567,143.77361,184.0,"{""type"": ""Point"", ""coordinates"": [143.77361, -38.69567, 184.0]}",-51.0,9.2,,,,,,,,,,,0.0,3.327,327.6,0.0,1.0,,,,,,,,,,,,,
69c9cd3511224883c623cc79,2026-03-30T01:09:08.992589+00:00,2026-03-30T01:09:09.210Z,1774832949211.0,application/3a8594c3-7866-4007-9786-b5ec52b2d117/device/a840414c305fcacd/event/up,1564155f-efc0-4fa5-92ee-ed3f1b820c13,ChirpStack,monitoring,DDS75,LA666277837,a840414c305fcacd,CLASS_A,00538196,631.0,2.0,False,True,5.0,au915_0,"{""Distance"": 511, ""Interrupt_flag"": 0, ""TempC_DS18B20"": ""327.60"", ""Sensor_flag"": 1, ""Bat"": 3.81}",Tank2,-38.6956,143.7737,171.0,"{""type"": ""Point"", ""coordinates"": [143.7737, -38.6956, 171.0]}","{""lon"": ""143.7737"", ""lat"": ""-38.6956"", ""alt"": ""171.0"", ""geojson"": ""{\""type\"":\""Point\"",\""coordinates\"":[143.7737,-38.6956,171.0]}"", ""site"": ""Tank2""}",a84041ffff26623c,-38.69566,143.77361,184.0,"{""type"": ""Point"", ""coordinates"": [143.77361, -38.69566, 184.0]}",-96.0,13.2,,,,,,,,,,,511.0,3.81,327.6,0.0,1.0,,,,,,,,,,,,,
69c9cd7111224883c623cc7a,2026-03-30T01:10:09.112205+00:00,2026-03-30T01:10:09.344Z,1774833009344.0,application/3a8594c3-7866-4007-9786-b5ec52b2d117/device/a84041675186988f/event/up,3530bd8b-c07c-4497-99bb-4f1ba4f3ed37,ChirpStack,monitoring,LSN50-V2,LST25598095,a84041675186988f,CLASS_A,00a0fd5c,40850.0,2.0,False,True,5.0,au915_0,"{""Work_mode"": ""IIC"", ""BatV"": 3.667, ""TempC1"": 20, ""EXTI_Trigger"": ""FALSE"", ""Door_status"": ""OPEN"", ""TempC_SHT"": -0.1, ""Digital_IStatus"": ""L"", ""ADC_CH0V"": 0.059, ""Hum_SHT"": 6553.5}",Inside Shed,-38.6956,143.7737,171.0,"{""type"": ""Point"", ""coordinates"": [143.7737, -38.6956, 171.0]}","{""lon"": ""143.7737"", ""geojson"": ""{\""type\"":\""Point\"",\""coordinates\"":[143.7737,-38.6956,171.0]}"", ""site"": ""Inside Shed"", ""alt"": ""171.0"", ""lat"": ""-38.6956""}",a84041ffff26623c,-38.69565,143.77362,184.0,"{""type"": ""Point"", ""coordinates"": [143.77362, -38.69565, 184.0]}",-74.0,13.2,20.0,,3.667,OPEN,0.059,L,IIC,20.0,-0.1,6553.5,,,,,,,,,,,,,,,,,,
69c9cd8511224883c623cc7b,2026-03-30T01:10:29.191521+00:00,2026-03-30T01:10:29.423Z,1774833029423.0,application/3a8594c3-7866-4007-9786-b5ec52b2d117/device/a8404142118523b1/event/up,7a7a446b-ef70-4c42-a8fc-4f351bffd7db,ChirpStack,monitoring,LSN50v2-S31,LST25502641,a8404142118523b1,CLASS_A,01eeaa71,47055.0,2.0,False,True,2.0,au915_0,"{""TempC1"": 0, ""BatV"": 3.664, ""EXTI_Trigger"": ""FALSE"", ""Digital_IStatus"": ""L"", ""ADC_CH0V"": 0.441, ""Door_status"": ""OPEN"", ""TempC_SHT"": 24.1, ""Hum_SHT"": 57.1, ""Work_mode"": ""IIC""}",Outside Shed,-38.6956,143.7737,171.0,"{""type"": ""Point"", ""coordinates"": [143.7737, -38.6956, 171.0]}","{""alt"": ""171.0"", ""geojson"": ""{\""type\"":\""Point\"",\""coordinates\"":[143.7737,-38.6956,171.0]}"", ""site"": ""Outside Shed"", ""lon"": ""143.7737"", ""lat"": ""-38.6956""}",a84041ffff26623c,-38.69565,143.77361,184.0,"{""type"": ""Point"", ""coordinates"": [143.77361, -38.69565, 184.0]}",-72.0,12.8,24.1,57.1,3.664,OPEN,0.441,L,IIC,0.0,24.1,57.1,,,,,,,,,,,,,,,,,,
69c9ce7911224883c623cc7c,2026-03-30T01:14:33.682336+00:00,2026-03-30T01:14:33.914Z,1774833273914.0,application/3a8594c3-7866-4007-9786-b5ec52b2d117/device/ab4041cd218523a2/event/up,0c04a026-f828-45ae-964a-5112a9e5c24b,ChirpStack,monitoring,LSN50v2-S31,LST25502626,ab4041cd218523a2,CLASS_A,01b972d1,47055.0,2.0,False,True,2.0,au915_0,"{""ADC_CH0V"": 0.34, ""TempC1"": 0, ""Work_mode"": ""IIC"", ""EXTI_Trigger"": ""FALSE"", ""BatV"": 3.663, ""TempC_SHT"": 20.8, ""Digital_IStatus"": ""L"", ""Hum_SHT"": 65.7, ""Door_status"": ""OPEN""}",Top Paddock,-38.6958,143.775,165.0,"{""type"": ""Point"", ""coordinates"": [143.775, -38.6958, 165.0]}","{""lat"": ""-38.6958"", ""alt"": ""165.0"", ""lon"": ""143.775"", ""geojson"": ""{\""type\"":\""Point\"",\""coordinates\"":[143.775,-38.6958,165.0]}"", ""site"": ""Top Paddock""}",a84041ffff26623c,-38.69566,143.7736,184.0,"{""type"": ""Point"", ""coordinates"": [143.7736, -38.69566, 184.0]}",-78.0,10.8,20.8,65.7,3.663,OPEN,0.34,L,IIC,0.0,20.8,65.7,,,,,,,,,,,,,,,,,,
69c9ce9d11224883c623cc7d,2026-03-30T01:15:09.102279+00:00,2026-03-30T01:15:09.333Z,1774833309334.0,application/3a8594c3-7866-4007-9786-b5ec52b2d117/device/a84041675186988f/event/up,ee4e69be-da46-4bff-b954-76e3f7e60ea7,ChirpStack,monitoring,LSN50-V2,LST25598095,a84041675186988f,CLASS_A,00a0fd5c,40851.0,2.0,False,True,5.0,au915_0,"{""TempC1"": 20.1, ""Hum_SHT"": 6553.5, ""Digital_IStatus"": ""L"", ""BatV"": 3.665, ""ADC_CH0V"": 0.059, ""Work_mode"": ""IIC"", ""Door_status"": ""OPEN"", ""TempC_SHT"": -0.1, ""EXTI_Trigger"": ""FALSE""}",Inside Shed,-38.6956,143.7737,171.0,"{""type"": ""Point"", ""coordinates"": [143.7737, -38.6956, 171.0]}","{""lat"": ""-38.6956"", ""geojson"": ""{\""type\"":\""Point\"",\""coordinates\"":[143.7737,-38.6956,171.0]}"", ""alt"": ""171.0"", ""lon"": ""143.7737"", ""site"": ""Inside Shed""}",a84041ffff26623c,-38.69566,143.77361,185.0,"{""type"": ""Point"", ""coordinates"": [143.77361, -38.69566, 185.0]}",-74.0,13.2,20.1,,3.665,OPEN,0.059,L,IIC,20.1,-0.1,6553.5,,,,,,,,,,,,,,,,,,
69c9cec811224883c623cc7e,2026-03-30T01:15:52.387363+00:00,2026-03-30T01:15:52.620Z,1774833352620.0,application/3a8594c3-7866-4007-9786-b5ec52b2d117/device/a84041e2a18523a1/event/up,e5460936-bf66-48b8-a96e-98bf9cc4b2e1,ChirpStack,monitoring,LSN50v2-S31,LST25502625,a84041e2a18523a1,CLASS_A,019dddaa,47053.0,2.0,False,True,2.0,au915_0,"{""Work_mode"": ""IIC"", ""BatV"": 3.659, ""Digital_IStatus"": ""L"", ""TempC_SHT"": 21, ""Door_status"": ""OPEN"", ""TempC1"": 0, ""Hum_SHT"": 67.1, ""EXTI_Trigger"": ""FALSE"", ""ADC_CH0V"": 0.318}",Top Gate,-38.6958,143.7723,181.0,"{""type"": ""Point"", ""coordinates"": [143.7723, -38.6958, 181.0]}","{""site"": ""Top Gate"", ""alt"": ""181.0"", ""geojson"": ""{\""type\"":\""Point\"",\""coordinates\"":[143.7723,-38.6958,181.0]}"", ""lon"": ""143.7723"", ""lat"": ""-38.6958""}",a84041ffff26623c,-38.69566,143.7736,184.0,"{""type"": ""Point"", ""coordinates"": [143.7736, -38.69566, 184.0]}",-86.0,7.0,21.0,67.1,3.659,OPEN,0.318,L,IIC,0.0,21.0,67.1,,,,,,,,,,,,,,,,,,
69c9cf9a11224883c623cc7f,2026-03-30T01:19:21.922952+00:00,2026-03-30T01:19:22.158Z,1774833562159.0,application/3a8594c3-7866-4007-9786-b5ec52b2d117/device/a84041fba55fcaca/event/up,a0638015-8e0e-4a43-910d-b55d75f9b6e2,ChirpStack,monitoring,DDS75,LA666277834,a84041fba55fcaca,CLASS_A,0151ada3,632.0,2.0,False,True,5.0,au915_0,"{""Sensor_flag"": 1, ""Distance"": 0, ""TempC_DS18B20"": ""327.60"", ""Bat"": 4.014, ""Interrupt_flag"": 0}",Tank1,-38.6956,143.7737,171.0,"{""type"": ""Point"", ""coordinates"": [143.7737, -38.6956, 171.0]}","{""lat"": ""-38.6956"", ""lon"": ""143.7737"", ""geojson"": ""{\""type\"":\""Point\"",\""coordinates\"":[143.7737,-38.6956,171.0]}"", ""site"": ""Tank1"", ""alt"": ""171.0""}",a84041ffff26623c,-38.69565,143.77363,188.0,"{""type"": ""Point"", ""coordinates"": [143.77363, -38.69565, 188.0]}",-59.0,13.8,,,,,,,,,,,0.0,4.014,327.6,0.0,1.0,,,,,,,,,,,,,
69c9cfc911224883c623cc80,2026-03-30T01:20:09.093731+00:00,2026-03-30T01:20:09.325Z,1774833609325.0,application/3a8594c3-7866-4007-9786-b5ec52b2d117/device/a84041675186988f/event/up,ffee8074-3360-43ac-8a7b-d987b00fc3c8,ChirpStack,monitoring,LSN50-V2,LST25598095,a84041675186988f,CLASS_A,00a0fd5c,40852.0,2.0,False,True,5.0,au915_0,"{""TempC1"": 20.1, ""BatV"": 3.665, ""ADC_CH0V"": 0.059, ""TempC_SHT"": -0.1, ""Digital_IStatus"": ""L"", ""Hum_SHT"": 6553.5, ""EXTI_Trigger"": ""FALSE"", ""Work_mode"": ""IIC"", ""Door_status"": ""OPEN""}",Inside Shed,-38.6956,143.7737,171.0,"{""type"": ""Point"", ""coordinates"": [143.7737, -38.6956, 171.0]}","{""lat"": ""-38.6956"", ""site"": ""Inside Shed"", ""geojson"": ""{\""type\"":\""Point\"",\""coordinates\"":[143.7737,-38.6956,171.0]}"", ""lon"": ""143.7737"", ""alt"": ""171.0""}",a84041ffff26623c,-38.69564,143.77363,188.0,"{""type"": ""Point"", ""coordinates"": [143.77363, -38.69564, 188.0]}",-78.0,13.8,20.1,,3.665,OPEN,0.059,L,IIC,20.1,-0.1,6553.5,,,,,,,,,,,,,,,,,,
69c9d0f511224883c623cc81,2026-03-30T01:25:09.083518+00:00,2026-03-30T01:25:09.313Z,1774833909314.0,application/3a8594c3-7866-4007-9786-b5ec52b2d117/device/a84041675186988f/event/up,7620b073-e0bf-46c7-a1e3-feaf16ccbaf0,ChirpStack,monitoring,LSN50-V2,LST25598095,a84041675186988f,CLASS_A,00a0fd5c,40853.0,2.0,False,True,5.0,au915_0,"{""Digital_IStatus"": ""L"", ""TempC1"": 20.1, ""EXTI_Trigger"": ""FALSE"", ""Work_mode"": ""IIC"", ""ADC_CH0V"": 0.059, ""TempC_SHT"": -0.1, ""BatV"": 3.665, ""Hum_SHT"": 6553.5, ""Door_status"": ""OPEN""}",Inside Shed,-38.6956,143.7737,171.0,"{""type"": ""Point"", ""coordinates"": [143.7737, -38.6956, 171.0]}","{""alt"": ""171.0"", ""lon"": ""143.7737"", ""site"": ""Inside Shed"", ""lat"": ""-38.6956"", ""geojson"": ""{\""type\"":\""Point\"",\""coordinates\"":[143.7737,-38.6956,171.0]}""}",a84041ffff26623c,-38.69569,143.77364,189.0,"{""type"": ""Point"", ""coordinates"": [143.77364, -38.69569, 189.0]}",-79.0,13.5,20.1,,3.665,OPEN,0.059,L,IIC,20.1,-0.1,6553.5,,,,,,,,,,,,,,,,,,
69c9d15811224883c623cc82,2026-03-30T01:26:48.356950+00:00,2026-03-30T01:26:48.586Z,1774834008586.0,application/3a8594c3-7866-4007-9786-b5ec52b2d117/device/a840411ca1887b91/event/up,efd1dd97-7b24-472a-8e8f-d58934fccf1a,ChirpStack,monitoring,DDS75,LA66N721745,a840411ca1887b91,CLASS_A,011494a5,10216.0,2.0,False,True,5.0,au915_0,"{""Interrupt_flag"": 0, ""Distance"": 0, ""TempC_DS18B20"": ""327.60"", ""Bat"": 3.327, ""Sensor_flag"": 1}",Tank3,-38.6956,143.7737,171.0,"{""type"": ""Point"", ""coordinates"": [143.7737, -38.6956, 171.0]}","{""alt"": ""171.0"", ""geojson"": ""{\""type\"":\""Point\"",\""coordinates\"":[143.7737,-38.6956,171.0]}"", ""lon"": ""143.7737"", ""site"": ""Tank3"", ""lat"": ""-38.6956""}",a84041ffff26623c,-38.69572,143.77365,188.0,"{""type"": ""Point"", ""coordinates"": [143.77365, -38.69572, 188.0]}",-57.0,14.5,,,,,,,,,,,0.0,3.327,327.6,0.0,1.0,,,,,,,,,,,,,
69c9d1e411224883c623cc83,2026-03-30T01:29:08.742498+00:00,2026-03-30T01:29:08.971Z,1774834148971.0,application/3a8594c3-7866-4007-9786-b5ec52b2d117/device/a840414c305fcacd/event/up,f62d0621-b15f-45b1-8094-806d7cd548c4,ChirpStack,monitoring,DDS75,LA666277837,a840414c305fcacd,CLASS_A,00538196,632.0,2.0,False,True,5.0,au915_0,"{""Sensor_flag"": 1, ""Bat"": 3.804, ""TempC_DS18B20"": ""327.60"", ""Distance"": 507, ""Interrupt_flag"": 0}",Tank2,-38.6956,143.7737,171.0,"{""type"": ""Point"", ""coordinates"": [143.7737, -38.6956, 171.0]}","{""lat"": ""-38.6956"", ""alt"": ""171.0"", ""geojson"": ""{\""type\"":\""Point\"",\""coordinates\"":[143.7737,-38.6956,171.0]}"", ""site"": ""Tank2"", ""lon"": ""143.7737""}",a84041ffff26623c,-38.6957,143.77366,188.0,"{""type"": ""Point"", ""coordinates"": [143.77366, -38.6957, 188.0]}",-97.0,11.5,,,,,,,,,,,507.0,3.804,327.6,0.0,1.0,,,,,,,,,,,,,
69c9d22111224883c623cc84,2026-03-30T01:30:09.066691+00:00,2026-03-30T01:30:09.297Z,1774834209297.0,application/3a8594c3-7866-4007-9786-b5ec52b2d117/device/a84041675186988f/event/up,54dd4866-7733-441e-8f63-11b886c4b221,ChirpStack,monitoring,LSN50-V2,LST25598095,a84041675186988f,CLASS_A,00a0fd5c,40854.0,2.0,False,True,5.0,au915_0,"{""EXTI_Trigger"": ""FALSE"", ""Work_mode"": ""IIC"", ""BatV"": 3.665, ""ADC_CH0V"": 0.059, ""TempC_SHT"": -0.1, ""Hum_SHT"": 6553.5, ""Digital_IStatus"": ""L"", ""Door_status"": ""OPEN"", ""TempC1"": 20.2}",Inside Shed,-38.6956,143.7737,171.0,"{""type"": ""Point"", ""coordinates"": [143.7737, -38.6956, 171.0]}","{""geojson"": ""{\""type\"":\""Point\"",\""coordinates\"":[143.7737,-38.6956,171.0]}"", ""alt"": ""171.0"", ""lat"": ""-38.6956"", ""site"": ""Inside Shed"", ""lon"": ""143.7737""}",a84041ffff26623c,-38.6957,143.77365,188.0,"{""type"": ""Point"", ""coordinates"": [143.77365, -38.6957, 188.0]}",-77.0,13.8,20.2,,3.665,OPEN,0.059,L,IIC,20.2,-0.1,6553.5,,,,,,,,,,,,,,,,,,
69c9d23511224883c623cc85,2026-03-30T01:30:29.181961+00:00,2026-03-30T01:30:29.410Z,1774834229411.0,application/3a8594c3-7866-4007-9786-b5ec52b2d117/device/a8404142118523b1/event/up,c3177b80-88fe-4aa2-9359-bc41c711be37,ChirpStack,monitoring,LSN50v2-S31,LST25502641,a8404142118523b1,CLASS_A,01eeaa71,47056.0,2.0,False,True,2.0,au915_0,"{""Hum_SHT"": 54.2, ""BatV"": 3.664, ""Digital_IStatus"": ""L"", ""Door_status"": ""OPEN"", ""Work_mode"": ""IIC"", ""TempC1"": 0, ""EXTI_Trigger"": ""FALSE"", ""ADC_CH0V"": 0.467, ""TempC_SHT"": 27.1}",Outside Shed,-38.6956,143.7737,171.0,"{""type"": ""Point"", ""coordinates"": [143.7737, -38.6956, 171.0]}","{""site"": ""Outside Shed"", ""lat"": ""-38.6956"", ""lon"": ""143.7737"", ""alt"": ""171.0"", ""geojson"": ""{\""type\"":\""Point\"",\""coordinates\"":[143.7737,-38.6956,171.0]}""}",a84041ffff26623c,-38.6957,143.77365,188.0,"{""type"": ""Point"", ""coordinates"": [143.77365, -38.6957, 188.0]}",-77.0,14.0,27.1,54.2,3.664,OPEN,0.467,L,IIC,0.0,27.1,54.2,,,,,,,,,,,,,,,,,,
69c9d32911224883c623cc86,2026-03-30T01:34:33.675087+00:00,2026-03-30T01:34:33.904Z,1774834473904.0,application/3a8594c3-7866-4007-9786-b5ec52b2d117/device/ab4041cd218523a2/event/up,e5ecf72a-118e-4f1a-ae7e-8a69d22a819f,ChirpStack,monitoring,LSN50v2-S31,LST25502626,ab4041cd218523a2,CLASS_A,01b972d1,47056.0,2.0,False,True,2.0,au915_0,"{""EXTI_Trigger"": ""FALSE"", ""Digital_IStatus"": ""L"", ""TempC_SHT"": 21.9, ""Hum_SHT"": 63.3, ""ADC_CH0V"": 0.348, ""BatV"": 3.663, ""TempC1"": 0, ""Door_status"": ""OPEN"", ""Work_mode"": ""IIC""}",Top Paddock,-38.6958,143.775,165.0,"{""type"": ""Point"", ""coordinates"": [143.775, -38.6958, 165.0]}","{""lat"": ""-38.6958"", ""geojson"": ""{\""type\"":\""Point\"",\""coordinates\"":[143.775,-38.6958,165.0]}"", ""lon"": ""143.775"", ""site"": ""Top Paddock"", ""alt"": ""165.0""}",a84041ffff26623c,-38.69568,143.7736,187.0,"{""type"": ""Point"", ""coordinates"": [143.7736, -38.69568, 187.0]}",-80.0,11.0,21.9,63.3,3.663,OPEN,0.348,L,IIC,0.0,21.9,63.3,,,,,,,,,,,,,,,,,,
69c9d34d11224883c623cc87,2026-03-30T01:35:09.056271+00:00,2026-03-30T01:35:09.284Z,1774834509284.0,application/3a8594c3-7866-4007-9786-b5ec52b2d117/device/a84041675186988f/event/up,4b2e5237-e1bd-4f55-a2af-a6c2aee3e7c8,ChirpStack,monitoring,LSN50-V2,LST25598095,a84041675186988f,CLASS_A,00a0fd5c,40855.0,2.0,False,True,5.0,au915_0,"{""Hum_SHT"": 6553.5, ""TempC1"": 20.3, ""Digital_IStatus"": ""L"", ""EXTI_Trigger"": ""FALSE"", ""Door_status"": ""OPEN"", ""TempC_SHT"": -0.1, ""ADC_CH0V"": 0.058, ""Work_mode"": ""IIC"", ""BatV"": 3.665}",Inside Shed,-38.6956,143.7737,171.0,"{""type"": ""Point"", ""coordinates"": [143.7737, -38.6956, 171.0]}","{""site"": ""Inside Shed"", ""alt"": ""171.0"", ""lat"": ""-38.6956"", ""lon"": ""143.7737"", ""geojson"": ""{\""type\"":\""Point\"",\""coordinates\"":[143.7737,-38.6956,171.0]}""}",a84041ffff26623c,-38.69569,143.77359,186.0,"{""type"": ""Point"", ""coordinates"": [143.77359, -38.69569, 186.0]}",-75.0,13.5,20.3,,3.665,OPEN,0.058,L,IIC,20.3,-0.1,6553.5,,,,,,,,,,,,,,,,,,
69c9d37811224883c623cc88,2026-03-30T01:35:52.380791+00:00,2026-03-30T01:35:52.611Z,1774834552611.0,application/3a8594c3-7866-4007-9786-b5ec52b2d117/device/a84041e2a18523a1/event/up,45c04583-7b1c-42f8-b199-b8aeeda19fa2,ChirpStack,monitoring,LSN50v2-S31,LST25502625,a84041e2a18523a1,CLASS_A,019dddaa,47054.0,2.0,False,True,2.0,au915_0,"{""TempC1"": 0, ""ADC_CH0V"": 0.321, ""EXTI_Trigger"": ""FALSE"", ""Door_status"": ""OPEN"", ""Digital_IStatus"": ""L"", ""Hum_SHT"": 63, ""BatV"": 3.662, ""TempC_SHT"": 22, ""Work_mode"": ""IIC""}",Top Gate,-38.6958,143.7723,181.0,"{""type"": ""Point"", ""coordinates"": [143.7723, -38.6958, 181.0]}","{""geojson"": ""{\""type\"":\""Point\"",\""coordinates\"":[143.7723,-38.6958,181.0]}"", ""alt"": ""181.0"", ""lat"": ""-38.6958"", ""site"": ""Top Gate"", ""lon"": ""143.7723""}",a84041ffff26623c,-38.69569,143.77359,185.0,"{""type"": ""Point"", ""coordinates"": [143.77359, -38.69569, 185.0]}",-87.0,7.5,22.0,63.0,3.662,OPEN,0.321,L,IIC,0.0,22.0,63.0,,,,,,,,,,,,,,,,,,
69c9d44911224883c623cc89,2026-03-30T01:39:21.684243+00:00,2026-03-30T01:39:21.912Z,1774834761912.0,application/3a8594c3-7866-4007-9786-b5ec52b2d117/device/a84041fba55fcaca/event/up,144d2c80-fbea-4499-8299-4fbdc058776a,ChirpStack,monitoring,DDS75,LA666277834,a84041fba55fcaca,CLASS_A,0151ada3,633.0,2.0,False,True,5.0,au915_0,"{""Distance"": 0, ""Bat"": 4.02, ""Sensor_flag"": 1, ""Interrupt_flag"": 0, ""TempC_DS18B20"": ""327.60""}",Tank1,-38.6956,143.7737,171.0,"{""type"": ""Point"", ""coordinates"": [143.7737, -38.6956, 171.0]}","{""lon"": ""143.7737"", ""site"": ""Tank1"", ""alt"": ""171.0"", ""geojson"": ""{\""type\"":\""Point\"",\""coordinates\"":[143.7737,-38.6956,171.0]}"", ""lat"": ""-38.6956""}",a84041ffff26623c,-38.69568,143.77356,185.0,"{""type"": ""Point"", ""coordinates"": [143.77356, -38.69568, 185.0]}",-62.0,13.2,,,,,,,,,,,0.0,4.02,327.6,0.0,1.0,,,,,,,,,,,,,
